<?xml version="1.0" encoding="utf-8" ?>
<dwsync>
<file name="logo.png" server="krunalp1993.in//demos/properties/" local="131060436953208361" remote="131082808200000000" Dst="0" />
<file name=".DS_Store" server="krunalp1993.in//demos/properties/" local="131060436964558391" remote="131082808200000000" Dst="0" />
<file name="bg-opacity.png" server="krunalp1993.in//demos/properties/" local="131060437066990751" remote="131082808200000000" Dst="0" />
<file name="bg-pink.jpg" server="krunalp1993.in//demos/properties/" local="131060437011148505" remote="131082808200000000" Dst="0" />
<file name="1461688113_Streamline-75.png" server="krunalp1993.in//demos/properties/" local="131061444069331336" remote="131082808200000000" Dst="0" />
<file name="avatar.gif" server="krunalp1993.in//demos/properties/" local="131060436974108412" remote="131082808200000000" Dst="0" />
<file name="cake1.jpg" server="krunalp1993.in//demos/properties/" local="131060437100542670" remote="131082808200000000" Dst="0" />
<file name="bg.jpg" server="krunalp1993.in//demos/properties/" local="131060436952808360" remote="131082808200000000" Dst="0" />
<file name="cake2.jpg" server="krunalp1993.in//demos/properties/" local="131060436945408344" remote="131082808200000000" Dst="0" />
<file name="cake3.jpg" server="krunalp1993.in//demos/properties/" local="131060437058790282" remote="131082808200000000" Dst="0" />
<file name="favicon.ico" server="krunalp1993.in//demos/properties/" local="131060436970198406" remote="131082808200000000" Dst="0" />
<file name="cake4.jpg" server="krunalp1993.in//demos/properties/" local="131060436999628477" remote="131082808200000000" Dst="0" />
<file name="giza.png" server="krunalp1993.in//demos/properties/" local="131060437126524156" remote="131082808200000000" Dst="0" />
<file name="icon-fb.png" server="krunalp1993.in//demos/properties/" local="131060437073411118" remote="131082808200000000" Dst="0" />
<file name="gray.gif" server="krunalp1993.in//demos/properties/" local="131060437074981208" remote="131082808200000000" Dst="0" />
<file name="icon-insta.png" server="krunalp1993.in//demos/properties/" local="131060437083001667" remote="131082808200000000" Dst="0" />
<file name="icon-list.png" server="krunalp1993.in//demos/properties/" local="131060437041729306" remote="131082808200000000" Dst="0" />
<file name="icon-n1.png" server="krunalp1993.in//demos/properties/" local="131060437089532040" remote="131082808200000000" Dst="0" />
<file name="icon-n2.png" server="krunalp1993.in//demos/properties/" local="131060437049549753" remote="131082808200000000" Dst="0" />
<file name="icon-n1.psd" server="krunalp1993.in//demos/properties/" local="131060436991998465" remote="131082808200000000" Dst="0" />
<file name="icon-n3.png" server="krunalp1993.in//demos/properties/" local="131060437057580213" remote="131082808200000000" Dst="0" />
<file name="icon-n5.png" server="krunalp1993.in//demos/properties/" local="131060436960758385" remote="131082808200000000" Dst="0" />
<file name="icon-n4.png" server="krunalp1993.in//demos/properties/" local="131060437000148479" remote="131082808200000000" Dst="0" />
<file name="icon-readmore.png" server="krunalp1993.in//demos/properties/" local="131060436935598296" remote="131082808200000000" Dst="0" />
<file name="icon-tag.png" server="krunalp1993.in//demos/properties/" local="131060436988198443" remote="131082808200000000" Dst="0" />
<file name="icon-search.png" server="krunalp1993.in//demos/properties/" local="131060437007498498" remote="131082808200000000" Dst="0" />
<file name="icon-time.png" server="krunalp1993.in//demos/properties/" local="131060437049209734" remote="131082808200000000" Dst="0" />
<file name="icon-twi.png" server="krunalp1993.in//demos/properties/" local="131060437081461579" remote="131082808200000000" Dst="0" />
<file name="label-new.gif" server="krunalp1993.in//demos/properties/" local="131060437015558512" remote="131082808200000000" Dst="0" />
<file name="label-new.psd" server="krunalp1993.in//demos/properties/" local="131060437120663821" remote="131082808200000000" Dst="0" />
<file name="label-pick.gif" server="krunalp1993.in//demos/properties/" local="131060437065430662" remote="131082808200000000" Dst="0" />
<file name="logo.jpg" server="krunalp1993.in//demos/properties/" local="131060437033728848" remote="131082808200000000" Dst="0" />
<file name="mark-pickup.png" server="krunalp1993.in//demos/properties/" local="131060436980248423" remote="131082808200000000" Dst="0" />
<file name="mysteryman.gif" server="krunalp1993.in//demos/properties/" local="131060437105962980" remote="131082808200000000" Dst="0" />
<file name="images.zip" server="krunalp1993.in//demos/properties/" local="131082808139287525" remote="131082808200000000" Dst="0" />
<file name="ベクトルスマートオブジェクト のコピー 3.png" server="krunalp1993.in//demos/properties/" local="131061470910988287" remote="131082808200000000" Dst="0" />
<file name="search.png" server="krunalp1993.in//demos/properties/" local="131060437091132132" remote="131082808200000000" Dst="0" />
<file name="ベクトルスマートオブジェクト.png" server="krunalp1993.in//demos/properties/" local="131061470911058291" remote="131082808200000000" Dst="0" />
<file name="レイヤー 2.jpg" server="krunalp1993.in//demos/properties/" local="131062083262619167" remote="131082808200000000" Dst="0" />
<file name="レイヤー 1.jpg" server="krunalp1993.in//demos/properties/" local="131062083262499160" remote="131082808200000000" Dst="0" />
<file name="レイヤー 3.jpg" server="krunalp1993.in//demos/properties/" local="131062083262759175" remote="131082808200000000" Dst="0" />
<file name="レイヤー 4.jpg" server="krunalp1993.in//demos/properties/" local="131062083262719173" remote="131082808200000000" Dst="0" />
<file name="レイヤー 16.jpg" server="krunalp1993.in//demos/properties/" local="131062126325652753" remote="131082808200000000" Dst="0" />
<file name="1461957235_right.png" server="krunalp1993.in//demos/properties/" local="131064129191013535" remote="131084544600000000" Dst="0" />
</dwsync>