<?xml version="1.0" encoding="utf-8" ?>
<dwsync>
<file name=".DS_Store" server="krunalp1993.in//demos/properties/" local="131060437161586161" remote="131082808200000000" Dst="0" />
<file name="metro-icon-chiyoda.gif" server="krunalp1993.in//demos/properties/" local="131060437218519418" remote="131082808200000000" Dst="0" />
<file name="metro-icon-ginza.gif" server="krunalp1993.in//demos/properties/" local="131060437179167167" remote="131082808200000000" Dst="0" />
<file name="metro-icon-chuo.gif" server="krunalp1993.in//demos/properties/" local="131060437150415523" remote="131082808200000000" Dst="0" />
<file name="metro-icon-hanzomon.gif" server="krunalp1993.in//demos/properties/" local="131060437139764913" remote="131082808200000000" Dst="0" />
<file name="metro-icon-keihintohoku.gif" server="krunalp1993.in//demos/properties/" local="131060437136464725" remote="131082808200000000" Dst="0" />
<file name="metro-icon-hibiya.gif" server="krunalp1993.in//demos/properties/" local="131060437158525986" remote="131082808200000000" Dst="0" />
<file name="metro-icon-keiyo.gif" server="krunalp1993.in//demos/properties/" local="131060437231380153" remote="131082808200000000" Dst="0" />
<file name="metro-icon-marunouchi.gif" server="krunalp1993.in//demos/properties/" local="131060437183127394" remote="131082808200000000" Dst="0" />
<file name="metro-icon-nanboku.gif" server="krunalp1993.in//demos/properties/" local="131060437191267859" remote="131082808200000000" Dst="0" />
<file name="metro-icon-saikyo.gif" server="krunalp1993.in//demos/properties/" local="131060437223239688" remote="131082808200000000" Dst="0" />
<file name="metro-icon-toeimita.gif" server="krunalp1993.in//demos/properties/" local="131060437210618966" remote="131082808200000000" Dst="0" />
<file name="metro-icon-toeiasakusa.gif" server="krunalp1993.in//demos/properties/" local="131060437171216712" remote="131082808200000000" Dst="0" />
<file name="metro-icon-toeioedo.gif" server="krunalp1993.in//demos/properties/" local="131060437199248316" remote="131082808200000000" Dst="0" />
<file name="metro-icon-tokaido.gif" server="krunalp1993.in//demos/properties/" local="131060437226659883" remote="131082808200000000" Dst="0" />
<file name="metro-icon-toeishinjuku.gif" server="krunalp1993.in//demos/properties/" local="131060437174996928" remote="131082808200000000" Dst="0" />
<file name="metro-icon-tokiwa.gif" server="krunalp1993.in//demos/properties/" local="131060437150445524" remote="131082808200000000" Dst="0" />
<file name="metro-icon-utsunomiya.gif" server="krunalp1993.in//demos/properties/" local="131060437234550335" remote="131082808200000000" Dst="0" />
<file name="metro-icon-tozai.gif" server="krunalp1993.in//demos/properties/" local="131060437215249231" remote="131082808200000000" Dst="0" />
<file name="metro-icon-yokosuka.gif" server="krunalp1993.in//demos/properties/" local="131060437186977614" remote="131082808200000000" Dst="0" />
<file name="metro-icon.gif" server="krunalp1993.in//demos/properties/" local="131060437131734454" remote="131082808200000000" Dst="0" />
<file name="metro-icon-yurakucho.gif" server="krunalp1993.in//demos/properties/" local="131060437166926467" remote="131082808200000000" Dst="0" />
<file name="metro-yamanote.gif" server="krunalp1993.in//demos/properties/" local="131060437194818062" remote="131082808200000000" Dst="0" />
</dwsync>