<?xml version="1.0" encoding="utf-8" ?>
<dwsync>
<file name="metro-icon-chiyoda.png" server="krunalp1993.in//demos/properties/" local="131060437327924214" remote="131082808200000000" Dst="0" />
<file name="metro-icon-chuo.png" server="krunalp1993.in//demos/properties/" local="131060437253951444" remote="131082808200000000" Dst="0" />
<file name="metro-icon-fukutoshin.png" server="krunalp1993.in//demos/properties/" local="131060437343785121" remote="131082808200000000" Dst="0" />
<file name="metro-icon-ginza.png" server="krunalp1993.in//demos/properties/" local="131060437261791809" remote="131082808200000000" Dst="0" />
<file name="metro-icon-hanzomon.png" server="krunalp1993.in//demos/properties/" local="131060437355435787" remote="131082808200000000" Dst="0" />
<file name="metro-icon-hibiya.png" server="krunalp1993.in//demos/properties/" local="131060437351715574" remote="131082808200000000" Dst="0" />
<file name="metro-icon-keiyo.png" server="krunalp1993.in//demos/properties/" local="131060437367746491" remote="131082808200000000" Dst="0" />
<file name="metro-icon-keihintohoku.png" server="krunalp1993.in//demos/properties/" local="131060437331784434" remote="131082808200000000" Dst="0" />
<file name="metro-icon-marunouchi.png" server="krunalp1993.in//demos/properties/" local="131060437311643355" remote="131082808200000000" Dst="0" />
<file name="metro-icon-saikyo.png" server="krunalp1993.in//demos/properties/" local="131060437269841834" remote="131082808200000000" Dst="0" />
<file name="metro-icon-nanboku.png" server="krunalp1993.in//demos/properties/" local="131060437339794893" remote="131082808200000000" Dst="0" />
<file name="metro-icon-sobu.png" server="krunalp1993.in//demos/properties/" local="131060437303623041" remote="131082808200000000" Dst="0" />
<file name="metro-icon-toeimita.png" server="krunalp1993.in//demos/properties/" local="131060437363206232" remote="131082808200000000" Dst="0" />
<file name="metro-icon-toeiasakusa.png" server="krunalp1993.in//demos/properties/" local="131060437245840981" remote="131082808200000000" Dst="0" />
<file name="metro-icon-toeioedo.png" server="krunalp1993.in//demos/properties/" local="131060437335884669" remote="131082808200000000" Dst="0" />
<file name="metro-icon-toeishinjuku.png" server="krunalp1993.in//demos/properties/" local="131060437242660799" remote="131082808200000000" Dst="0" />
<file name="metro-icon-tokaido.png" server="krunalp1993.in//demos/properties/" local="131060437265591820" remote="131082808200000000" Dst="0" />
<file name="metro-icon-tokiwa.png" server="krunalp1993.in//demos/properties/" local="131060437319823750" remote="131082808200000000" Dst="0" />
<file name="metro-icon-utsunomiya.png" server="krunalp1993.in//demos/properties/" local="131060437293802781" remote="131082808200000000" Dst="0" />
<file name="metro-icon-yokosuka.png" server="krunalp1993.in//demos/properties/" local="131060437277821967" remote="131082808200000000" Dst="0" />
<file name="metro-icon-tozai.png" server="krunalp1993.in//demos/properties/" local="131060437359646028" remote="131082808200000000" Dst="0" />
<file name="metro-icon-yurakucho.png" server="krunalp1993.in//demos/properties/" local="131060437347585338" remote="131082808200000000" Dst="0" />
<file name="metro-icon.psd" server="krunalp1993.in//demos/properties/" local="131060437257511648" remote="131082808200000000" Dst="0" />
<file name="metro-yamanote.png" server="krunalp1993.in//demos/properties/" local="131060437285752393" remote="131082808200000000" Dst="0" />
</dwsync>